{"skeleton":{"hash":"P69gpOlyPdoGYASsUs3uO1wJzcg","spine":"3.6.52","width":873.6,"height":90,"images":"./images/"},"bones":[{"name":"root","scaleX":0.4,"scaleY":0.4}],"slots":[{"name":"5","bone":"root","attachment":"5"}],"skins":{"default":{"5":{"5":{"type":"mesh","uvs":[1,0.49864,1,1,0.97641,1,0.87374,1,0.76971,1,0.65747,1,0.54431,1,0.43572,1,0.32621,1,0.2158,1,0.10355,1,0.02503,1,0,1,0,0.46,0,0,0.02628,0,0.10447,0,0.21671,0,0.32713,0,0.43663,0,0.54614,0,0.65929,0,0.7688,0,0.87557,0,0.97738,0,1,0,0.10403,0.47643,0.21627,0.47644,0.32668,0.48709,0.43618,0.49267,0.54524,0.49043,0.6584,0.49234,0.76925,0.49668,0.87467,0.49157,0.0257,0.46406,0.97689,0.49733],"triangles":[13,14,15,34,13,15,16,34,15,26,34,16,27,16,17,26,16,27,18,27,17,28,27,18,30,19,20,33,22,23,21,30,20,31,30,21,31,21,22,22,32,31,19,28,18,29,19,30,29,28,19,33,32,22,24,33,23,35,33,24,35,24,25,0,35,25,12,13,34,11,12,34,26,11,34,26,10,11,10,26,9,26,27,9,27,28,9,28,8,9,29,8,28,7,8,29,29,30,7,7,30,6,30,31,6,31,5,6,32,5,31,3,4,32,5,32,4,33,3,32,3,33,35,2,3,35,2,35,0,2,0,1],"vertices":[1092,0.31,1092,-112.5,1040.47,-112.5,816.25,-112.5,589.05,-112.5,343.91,-112.5,96.78,-112.5,-140.39,-112.5,-379.55,-112.5,-620.7,-112.5,-865.84,-112.5,-1037.34,-112.5,-1092,-112.5,-1092,9,-1092,112.5,-1034.59,112.5,-863.85,112.5,-618.71,112.5,-377.55,112.5,-138.39,112.5,100.77,112.5,347.9,112.5,587.06,112.5,820.24,112.5,1042.59,112.5,1092,112.5,-864.8,5.3,-619.66,5.3,-378.53,2.91,-139.38,1.65,98.81,2.15,345.93,1.72,588.05,0.75,818.28,1.9,-1035.88,8.09,1041.53,0.6],"hull":26,"edges":[32,34,18,20,34,36,16,18,36,38,14,16,38,40,12,14,40,42,10,12,42,44,8,10,44,46,6,8,24,26,26,28,20,52,52,32,18,54,54,34,52,54,16,56,56,36,54,56,14,58,58,38,56,58,12,60,60,40,58,60,10,62,62,42,60,62,8,64,64,44,62,64,6,66,66,46,64,66,2,0,0,50,28,30,30,32,26,68,68,52,30,68,20,22,22,24,68,22,46,48,48,50,0,70,70,66,48,70,2,4,4,6,70,4],"width":2184,"height":225}}}},"animations":{"animation":{"deform":{"default":{"5":{"5":[{"time":0,"offset":6,"vertices":[-75.84296,-2.91385,-70.34503,0,-97.79004,-5.66287,-78.547,0,-81.40099,-2.91385,-78.547,0,-75.90283,2.58417,-78.547,0,0,0,0,0,0,0,0,0,0,0,0,0,0,0,0,0,0,0,0,0,0,0,0,0,0,0,0,0,0,0,-41.86505,0,-41.86505,0,-41.86505,0,-41.86505,0,-41.86505,0,-41.86505,0,-41.86505,0,-41.86505],"curve":[0.25,0,0.75,1]},{"time":2.6667,"offset":6,"vertices":[59.70209,-4.245,70.42596,4.30701,70.56311,-1.526,67.32898,1.69403,73.28193,-1.51099,59.73212,1.57318,62.37604,-4.21503,65.20001,-0.91882,0,0,0,0,0,0,0,0,0,0,0,0,0,0,0,0,0,0,0,0,0,0,0,0,0,0,0,0,0,0,30.16003,0,30.16003,0,30.16003,0,30.16003,0,30.16003,0,30.16003,0,32.89398,2.73401,30.16003],"curve":[0.25,0,0.75,1]},{"time":5.3333,"offset":6,"vertices":[-75.84296,-2.91385,-70.34503,0,-97.79004,-5.66287,-78.547,0,-81.40099,-2.91385,-78.547,0,-75.90283,2.58417,-78.547,0,0,0,0,0,0,0,0,0,0,0,0,0,0,0,0,0,0,0,0,0,0,0,0,0,0,0,0,0,0,0,-41.86505,0,-41.86505,0,-41.86505,0,-41.86505,0,-41.86505,0,-41.86505,0,-41.86505,0,-41.86505]}]}}}}}}