{"skeleton":{"hash":"CTB83szAYFb/nGVvSerQf5q/tEs","spine":"3.6.53","width":796.21,"height":789.64,"images":"./images/"},"bones":[{"name":"root"},{"name":"bone2","parent":"root"}],"slots":[{"name":"动态树","bone":"bone2","attachment":"动态树"}],"skins":{"default":{"动态树":{"动态树":{"type":"mesh","uvs":[0.99955,0.99317,0.96194,0.99316,0.03626,0.99317,0.00179,0.99317,0.00178,0.00118,0.04075,0.00116,0.4999,0.00116,0.9604,0.00116,0.99955,0.00116,0.03647,0.9525,0.96188,0.95385,0.49751,0.95317],"triangles":[9,4,5,11,9,5,6,11,5,11,6,7,10,7,8,0,10,8,11,7,10,0,1,10,4,9,3,2,9,11,1,2,11,1,11,10,2,3,9],"vertices":[376.93,-219.74,346.93,-219.73,-391.76,-219.74,-419.28,-219.74,-419.28,569.9,-388.19,569.9,-21.79,569.9,345.69,569.9,376.93,569.9,-391.6,-187.37,346.87,-188.44,-23.7,-187.9],"hull":9,"edges":[6,8,0,16,8,10,4,6,14,16,0,2,2,4,4,18,18,10,2,20,20,14,10,12,12,14,18,22,22,20],"width":798,"height":796}}}},"animations":{"animation":{"deform":{"default":{"动态树":{"动态树":[{"time":0,"offset":4,"vertices":[0.57901,0,0,0,0,0,3.75396,0,13.57793,0,10.09002],"curve":[0.25,0,0.75,1]},{"time":3.3333,"offset":4,"vertices":[0.57901,0,0,0,0,0,0,0,-1.39197],"curve":[0.25,0,0.75,1]},{"time":6.6667,"offset":4,"vertices":[0.57901,0,0,0,0,0,3.75396,0,13.57793,0,10.09002]}]}}}}}}