{"skeleton":{"hash":"xFt271VqcDM+QqmMvS9D3wKcWuM","spine":"3.6.53","width":146,"height":210,"images":"./images/"},"bones":[{"name":"root","scaleX":0.666,"scaleY":0.666},{"name":"bone19","parent":"root","length":149.75,"rotation":71.05,"x":26.06,"y":-63.76}],"slots":[{"name":"动态树","bone":"bone19","attachment":"动态树"}],"skins":{"default":{"动态树":{"动态树":{"type":"mesh","uvs":[1.0E-5,0.73175,0,0.76631,0.14973,0.86399,0.33642,0.94294,0.51926,1,0.59624,1,0.60549,0.98701,0.63859,0.93357,0.60972,0.87603,0.66938,0.86132,0.7098,0.77434,0.60779,0.69807,0.75022,0.69673,0.85222,0.65525,0.82913,0.59504,0.76561,0.56158,0.91574,0.55222,0.99465,0.45855,0.96578,0.38496,1,0.32608,1,0.24194,0.76925,0.23107,0.63305,0.25125,0.58392,0.23262,0.59285,0.05565,0.48344,0.03237,0.44102,0.07428,0.40083,0.04323,0.27579,0.07118,0.15744,0,0.01217,0,0,0,0.14593,0.83914,0.35153,0.9281,0.52528,0.98575,0.01469,0.74256],"triangles":[6,34,8,34,33,8,11,33,32,11,32,35,28,35,30,4,34,5,5,34,6,3,33,4,4,33,34,3,2,33,1,32,2,32,33,2,1,35,32,1,0,35,35,0,30,0,31,30,7,6,8,11,8,33,8,11,9,9,11,10,11,35,23,23,28,26,23,35,28,28,27,26,30,29,28,12,11,15,11,23,22,12,14,13,12,15,14,15,11,22,16,15,18,15,22,21,16,18,17,18,15,21,18,21,19,21,20,19,23,26,24,24,26,25],"vertices":[1,0,-1,-55.65,1,1,0,-1,-62.9,1,1,0,20.86,-83.42,1,1,0,48.12,-100,1,1,0,74.81,-111.98,1,1,0,86.05,-111.98,1,1,0,87.4,-109.25,1,1,1,-10.93,-73.72,1,1,1,-0.87,-65.81,1,1,1,4.88,-73.04,1,1,1,24.07,-72.69,1,1,1,34.39,-53.41,1,1,1,41.4,-72.98,1,1,1,54.48,-84.24,1,1,1,65.34,-76.94,1,1,1,68.98,-65.89,1,1,1,77.95,-85.98,1,1,1,100.3,-90.49,1,1,1,113.55,-81.49,1,1,1,126.86,-82.2,1,1,1,143.58,-76.46,1,1,1,134.8,-43.86,1,1,1,124.33,-26.43,1,1,1,125.7,-18.37,1,1,1,161.28,-7.54,1,1,1,160.72,9.16,1,1,1,150.38,12.16,1,1,1,154.64,19.82,1,1,1,143.16,35.19,1,1,1,151.69,56.38,1,1,0,0.78,98.02,1,1,0,-1,98.02,1,1,0,20.31,-78.2,1,1,0,50.32,-96.88,1,1,0,75.69,-108.99,1,1,0,1.15,-57.92,1],"hull":32,"edges":[2,4,4,6,6,8,8,10,14,16,16,18,18,20,20,22,22,24,24,26,26,28,28,30,30,32,32,34,34,36,36,38,38,40,40,42,42,44,44,46,46,48,48,50,50,52,52,54,54,56,56,58,2,0,0,62,64,66,66,68,10,12,12,14,68,12,0,70,70,64,58,60,60,62,70,60],"width":146,"height":210}}}},"animations":{"animation":{"bones":{"bone19":{"rotate":[{"time":0,"angle":-2,"curve":[0.25,0,0.75,1]},{"time":2.3333,"angle":2.79,"curve":[0.25,0,0.75,1]},{"time":4.6667,"angle":-2}]}}}}}